ID,Year,Country,Continent,Population ,GDP (USD)
1,2000,Uganda,East Africa,23303189,6193246837
2,2001,Uganda,East Africa,24022603,5840503869
3,2002,Uganda,East Africa,24781316,5840503869
4,2003,Uganda,East Africa,25577246,6606884274
5,2004,Uganda,East Africa,26403221,7939487548
6,2005,Uganda,East Africa,27256493,9239221760
7,2006,Uganda,East Africa,28131677,9977647685
8,2007,Uganda,East Africa,29032665,11902564497
9,2008,Uganda,East Africa,29961618,14440404137
10,2009,Uganda,East Africa,30925440,25127805566
11,2010,Uganda,East Africa,31923810,26673441432
12,2011,Uganda,East Africa,32956777,27871725245
13,2012,Uganda,East Africa,34020692,27305915908
14,2013,Uganda,East Africa,35131277,28915786520
15,2014,Uganda,East Africa,36308026,32612397253
16,2015,Uganda,East Africa,37573888,32387183733
17,2016,Uganda,East Africa,38941200,29203988697
18,2017,Uganda,East Africa,40414116,30744473840
19,2018,Uganda,East Africa,41954231,32927025621
20,2019,Uganda,East Africa,43505641,35348155092
21,2020,Uganda,East Africa,45009314,37605430214
22,2021,Uganda,East Africa,46477068,40510241366
23,2022,Uganda,East Africa,47992685,45559202049
24,2000,Burundi,East Africa,6323307,870486065.9
25,2001,Burundi,East Africa,6452811,876794723.1
26,2002,Burundi,East Africa,6615566,825394519.7
27,2003,Burundi,East Africa,6807482,784654423.6
28,2004,Burundi,East Africa,7021032,915257323.4
29,2005,Burundi,East Africa,7249231,1117113080
30,2006,Burundi,East Africa,7487352,1273375078
31,2007,Burundi,East Africa,7736083,1356199387
32,2008,Burundi,East Africa,7994886,1611835857
33,2009,Burundi,East Africa,8262998,1781455140
34,2010,Burundi,East Africa,8537776,2032135191
35,2011,Burundi,East Africa,8818168,2235820809
36,2012,Burundi,East Africa,9102985,2333341334
37,2013,Burundi,East Africa,9394356,2451606632
38,2014,Burundi,East Africa,9693551,2705783330
39,2015,Burundi,East Africa,10003465,3104003546
40,2016,Burundi,East Africa,10324914,2644487777
41,2017,Burundi,East Africa,10658899,2723586962
42,2018,Burundi,East Africa,11002626,2667182199
43,2019,Burundi,East Africa,11354438,2576518879
44,2020,Burundi,East Africa,11711663,2649680261
45,2021,Burundi,East Africa,12101544,2775798697
46,2022,Burundi,East Africa,12504404,3073414678
47,2000,Djibouti,East Africa,708823,551230861.9
48,2001,Djibouti,East Africa,725361,572417440.8
49,2002,Djibouti,East Africa,740040,591122039.6
50,2003,Djibouti,East Africa,753345,622044665.5
51,2004,Djibouti,East Africa,765652,666072101.8
52,2005,Djibouti,East Africa,777471,708633194.7
53,2006,Djibouti,East Africa,788947,768873684
54,2007,Djibouti,East Africa,800050,847918929.1
55,2008,Djibouti,East Africa,810938,999105339.3
56,2009,Djibouti,East Africa,822138,1049110685
57,2010,Djibouti,East Africa,834058,1128611700
58,2011,Djibouti,East Africa,846988,1239144502
59,2012,Djibouti,East Africa,860943,1353632942
60,2013,Djibouti,East Africa,875778,2042817163
61,2014,Djibouti,East Africa,891065,2214679081
62,2015,Djibouti,East Africa,906415,2424391785
63,2016,Djibouti,East Africa,921599,2604955229
64,2017,Djibouti,East Africa,936670,2762581334
65,2018,Djibouti,East Africa,951572,2913466732
66,2019,Djibouti,East Africa,966300,3088853639
67,2020,Djibouti,East Africa,980819,3181071154
68,2021,Djibouti,East Africa,993854,3372287462
69,2022,Djibouti,East Africa,1007062,3515109075
70,2000,Zambia,East Africa,10279005,3600631919
71,2001,Zambia,East Africa,10555205,4094441301
72,2002,Zambia,East Africa,10833099,4193850445
73,2003,Zambia,East Africa,11115393,4901869716
74,2004,Zambia,East Africa,11404494,6221109716
75,2005,Zambia,East Africa,11704698,8331870169
76,2006,Zambia,East Africa,12016185,12756858899
77,2007,Zambia,East Africa,12339592,14056957976
78,2008,Zambia,East Africa,12676689,17910858638
79,2009,Zambia,East Africa,13033343,15328342304
80,2010,Zambia,East Africa,13412170,20265559484
81,2011,Zambia,East Africa,13816307,23459515276
82,2012,Zambia,East Africa,14245381,25503060420
83,2013,Zambia,East Africa,14697746,28037239463
84,2014,Zambia,East Africa,15165117,27141023558
85,2015,Zambia,East Africa,15641552,21251216799
86,2016,Zambia,East Africa,16122732,20958412538
87,2017,Zambia,East Africa,16610543,25873601261
88,2018,Zambia,East Africa,17104708,26311506435
89,2019,Zambia,East Africa,17608467,23308667781
90,2020,Zambia,East Africa,18123924,18110638619
91,2021,Zambia,East Africa,18675979,22147649569
92,2022,Zambia,East Africa,19244849,29784454056
93,2000,Zimbabwe,East Africa,11852263,6689957600
94,2001,Zimbabwe,East Africa,11902868,6777384700
95,2002,Zimbabwe,East Africa,11939224,6342116400
96,2003,Zimbabwe,East Africa,11968371,5727591800
97,2004,Zimbabwe,East Africa,12001168,5805598400
98,2005,Zimbabwe,East Africa,12048537,5755215200
99,2006,Zimbabwe,East Africa,12116420,5443896500
100,2007,Zimbabwe,East Africa,12206121,5291950100
101,2008,Zimbabwe,East Africa,12318074,4415702800
102,2009,Zimbabwe,East Africa,12453864,9665793300
103,2010,Zimbabwe,East Africa,12613048,12041655200
104,2011,Zimbabwe,East Africa,12796833,14101920300
105,2012,Zimbabwe,East Africa,13005339,17114849900
106,2013,Zimbabwe,East Africa,13233730,19091020000
107,2014,Zimbabwe,East Africa,13469515,19495519600
108,2015,Zimbabwe,East Africa,13701613,19963120600
109,2016,Zimbabwe,East Africa,13923079,20548678100
110,2017,Zimbabwe,East Africa,14134316,17584890937
111,2018,Zimbabwe,East Africa,14338537,34156069918
112,2019,Zimbabwe,East Africa,14542992,21832234926
113,2020,Zimbabwe,East Africa,14754794,21509698406
114,2021,Zimbabwe,East Africa,15079990,28371238666
115,2022,Zimbabwe,East Africa,15412353,20678055598
116,2000,Kenya,East Africa,31534026,12705350153
117,2001,Kenya,East Africa,32410196,12986007426
118,2002,Kenya,East Africa,33303869,13147736954
119,2003,Kenya,East Africa,34219073,14904517650
120,2004,Kenya,East Africa,35159637,16095337094
121,2005,Kenya,East Africa,36134149,18737895401
122,2006,Kenya,East Africa,37141177,25825512278
123,2007,Kenya,East Africa,38181830,31958195182
124,2008,Kenya,East Africa,39251926,35895153328
125,2009,Kenya,East Africa,40351452,42347217913
126,2010,Kenya,East Africa,41470880,45405615233
127,2011,Kenya,East Africa,42609193,46869473166
128,2012,Kenya,East Africa,43764053,56396704833
129,2013,Kenya,East Africa,44936563,61671440481
130,2014,Kenya,East Africa,46114874,68285796663
131,2015,Kenya,East Africa,47294043,70120446664
132,2016,Kenya,East Africa,48468140,74815143796
133,2017,Kenya,East Africa,49641145,82036511259
134,2018,Kenya,East Africa,50811672,92202979941
135,2019,Kenya,East Africa,51988124,1.00378E+11
136,2020,Kenya,East Africa,53175905,1.00658E+11
137,2021,Kenya,East Africa,54585066,1.09704E+11
138,2022,Kenya,East Africa,56031570,1.1342E+11
139,2000,Union of the Comors,East Africa,535642,351136579.8
140,2001,Union of the Comors,East Africa,549182,378512024.1
141,2002,Union of the Comors,East Africa,562743,425964681.2
142,2003,Union of the Comors,East Africa,576403,546885223.2
143,2004,Union of the Comors,East Africa,590260,633706110.5
144,2005,Union of the Comors,East Africa,604487,653845169.2
145,2006,Union of the Comors,East Africa,619087,698431794.5
146,2007,Union of the Comors,East Africa,634088,795673153.2
147,2008,Union of the Comors,East Africa,649468,915659107.8
148,2009,Union of the Comors,East Africa,665305,905341174
149,2010,Union of the Comors,East Africa,681541,907978731.7
150,2011,Union of the Comors,East Africa,698206,1023086273
151,2012,Union of the Comors,East Africa,715269,1015843491
152,2013,Union of the Comors,East Africa,732761,1116224107
153,2014,Union of the Comors,East Africa,750524,1149587660
154,2015,Union of the Comors,East Africa,768487,966029599.8
155,2016,Union of the Comors,East Africa,786566,1012835493
156,2017,Union of the Comors,East Africa,804819,1077439756
157,2018,Union of the Comors,East Africa,823182,1188797450
158,2019,Union of the Comors,East Africa,841683,1195019531
159,2020,Union of the Comors,East Africa,860294,1225039196
160,2021,Union of the Comors,East Africa,881070,1296089479
161,2022,Union of the Comors,East Africa,902348,1242519407
162,2000,Mauritius,East Africa,1180385,4663321022
163,2001,Mauritius,East Africa,1189565,4613637222
164,2002,Mauritius,East Africa,1197890,4841310240
165,2003,Mauritius,East Africa,1205428,5816559039
166,2004,Mauritius,East Africa,1212348,6578840499
167,2005,Mauritius,East Africa,1218865,6488743120
168,2006,Mauritius,East Africa,1225074,7028810755
169,2007,Mauritius,East Africa,1231013,8150150144
170,2008,Mauritius,East Africa,1236591,9990356849
171,2009,Mauritius,East Africa,1241648,9128843109
172,2010,Mauritius,East Africa,1245991,10003670690
173,2011,Mauritius,East Africa,1249526,11518413430
174,2012,Mauritius,East Africa,1252288,11668696526
175,2013,Mauritius,East Africa,1254482,12292974008
176,2014,Mauritius,East Africa,1256412,13074130094
177,2015,Mauritius,East Africa,1258413,12007291046
178,2016,Mauritius,East Africa,1260670,12594155346
179,2017,Mauritius,East Africa,1263194,13713505998
180,2018,Mauritius,East Africa,1265852,14735695931
181,2019,Mauritius,East Africa,1268437,14436347115
182,2020,Mauritius,East Africa,1270724,11401040996
183,2021,Mauritius,East Africa,1275820,11476433604
184,2022,Mauritius,East Africa,1280936,12898307089
185,2000,Madagascar,East Africa,15525988,4629247205
186,2001,Madagascar,East Africa,16015900,5438332601
187,2002,Madagascar,East Africa,16515100,5351701665
188,2003,Madagascar,East Africa,17024243,6372498891
189,2004,Madagascar,East Africa,17542497,5064732625
190,2005,Madagascar,East Africa,18072050,5859269752
191,2006,Madagascar,East Africa,18610727,6395712492
192,2007,Madagascar,East Africa,19159166,8524620891
193,2008,Madagascar,East Africa,19716536,10725137722
194,2009,Madagascar,East Africa,20285149,9616879408
195,2010,Madagascar,East Africa,20862771,9982711338
196,2011,Madagascar,East Africa,21450239,11551819618
197,2012,Madagascar,East Africa,22046952,11578975064
198,2013,Madagascar,East Africa,22656476,12423555457
199,2014,Madagascar,East Africa,23278161,12522957401
200,2015,Madagascar,East Africa,23914636,11323020700
201,2016,Madagascar,East Africa,24566029,11848613860
202,2017,Madagascar,East Africa,25235219,13176313594
203,2018,Madagascar,East Africa,25919255,13760033283
204,2019,Madagascar,East Africa,26618715,14104664678
205,2020,Madagascar,East Africa,27332134,13051441203
206,2021,Madagascar,East Africa,28093607,14554754115
207,2022,Madagascar,East Africa,28876295,14954967604
208,2000,Mayotte,East Africa,147645,
209,2001,Mayotte,East Africa,153066,
210,2002,Mayotte,East Africa,158502,
211,2003,Mayotte,East Africa,163982,
212,2004,Mayotte,East Africa,169545,
213,2005,Mayotte,East Africa,175248,
214,2006,Mayotte,East Africa,181089,
215,2007,Mayotte,East Africa,187087,
216,2008,Mayotte,East Africa,193200,
217,2009,Mayotte,East Africa,199407,
218,2010,Mayotte,East Africa,205631,
219,2011,Mayotte,East Africa,211852,
220,2012,Mayotte,East Africa,218059,
221,2013,Mayotte,East Africa,224287,
222,2014,Mayotte,East Africa,230543,
223,2015,Mayotte,East Africa,236861,
224,2016,Mayotte,East Africa,243253,
225,2017,Mayotte,East Africa,249738,
226,2018,Mayotte,East Africa,256271,
227,2019,Mayotte,East Africa,262867,
228,2020,Mayotte,East Africa,269501,
229,2021,Mayotte,East Africa,277017,
230,2022,Mayotte,East Africa,284743,
231,2000,Malawi,East Africa,11002342,2537307566
232,2001,Malawi,East Africa,11291540,2498008653
233,2002,Malawi,East Africa,11573990,5087328438
234,2003,Malawi,East Africa,11858100,4669789300
235,2004,Malawi,East Africa,12151834,5058726350
236,2005,Malawi,East Africa,12465225,5320409651
237,2006,Malawi,East Africa,12801251,5818279739
238,2007,Malawi,East Africa,13159263,6451210219
239,2008,Malawi,East Africa,13535908,7743617352
240,2009,Malawi,East Africa,13929675,9009887947
241,2010,Malawi,East Africa,14335576,10128323011
242,2011,Malawi,East Africa,14752600,11648142958
243,2012,Malawi,East Africa,15180249,8773203178
244,2013,Malawi,East Africa,15619470,8031571928
245,2014,Malawi,East Africa,16066269,8801326169
246,2015,Malawi,East Africa,16519300,9219474373
247,2016,Malawi,East Africa,16976536,7909868618
248,2017,Malawi,East Africa,17439634,8943543677
249,2018,Malawi,East Africa,17908648,9880675786
250,2019,Malawi,East Africa,18387977,11025371147
251,2020,Malawi,East Africa,18880721,12056108780
252,2021,Malawi,East Africa,19458093,12602334124
253,2022,Malawi,East Africa,20053121,13164667627
254,2000,Mozambique,East Africa,17479329,5656473652
255,2001,Mozambique,East Africa,17969000,5398557896
256,2002,Mozambique,East Africa,18495244,5677013629
257,2003,Mozambique,East Africa,19049952,6303399758
258,2004,Mozambique,East Africa,19622406,7631106171
259,2005,Mozambique,East Africa,20204635,8542083074
260,2006,Mozambique,East Africa,20789426,9176896597
261,2007,Mozambique,East Africa,21379151,10450826527
262,2008,Mozambique,East Africa,21976606,12556173243
263,2009,Mozambique,East Africa,22588197,11914471513
264,2010,Mozambique,East Africa,23215760,11104649065
265,2011,Mozambique,East Africa,23862229,14381552467
266,2012,Mozambique,East Africa,24526931,16350813487
267,2013,Mozambique,East Africa,25214581,16974314296
268,2014,Mozambique,East Africa,25926453,17716091057
269,2015,Mozambique,East Africa,26667203,15950979333
270,2016,Mozambique,East Africa,27438118,11936993087
271,2017,Mozambique,East Africa,28242835,13219079498
272,2018,Mozambique,East Africa,29075989,14845400593
273,2019,Mozambique,East Africa,29934601,15390031040
274,2020,Mozambique,East Africa,30813169,14156864916
275,2021,Mozambique,East Africa,31674705,15776757420
276,2022,Mozambique,East Africa,32560330,17851491428
277,2000,Reunion,East Africa,730632,
278,2001,Reunion,East Africa,742733,
279,2002,Reunion,East Africa,754499,
280,2003,Reunion,East Africa,765859,
281,2004,Reunion,East Africa,776648,
282,2005,Reunion,East Africa,786770,
283,2006,Reunion,East Africa,796102,
284,2007,Reunion,East Africa,804664,
285,2008,Reunion,East Africa,812547,
286,2009,Reunion,East Africa,819957,
287,2010,Reunion,East Africa,827047,
288,2011,Reunion,East Africa,833950,
289,2012,Reunion,East Africa,840678,
290,2013,Reunion,East Africa,847272,
291,2014,Reunion,East Africa,853760,
292,2015,Reunion,East Africa,860186,
293,2016,Reunion,East Africa,866568,
294,2017,Reunion,East Africa,872963,
295,2018,Reunion,East Africa,879357,
296,2019,Reunion,East Africa,885758,
297,2020,Reunion,East Africa,892137,
298,2021,Reunion,East Africa,898605,
299,2022,Reunion,East Africa,905120,
300,2000,Rwanda,East Africa,7718645,2068762707
301,2001,Rwanda,East Africa,8083641,1966548410
302,2002,Rwanda,East Africa,8329911,1965932546
303,2003,Rwanda,East Africa,8492645,2138185328
304,2004,Rwanda,East Africa,8619175,2376464520
305,2005,Rwanda,East Africa,8761024,2933765825
306,2006,Rwanda,East Africa,8942616,3319711249
307,2007,Rwanda,East Africa,9159497,4070391531
308,2008,Rwanda,East Africa,9399831,5179804291
309,2009,Rwanda,East Africa,9654712,5674428928
310,2010,Rwanda,East Africa,9912108,6124693374
311,2011,Rwanda,East Africa,10167379,6884907733
312,2012,Rwanda,East Africa,10422201,7654782979
313,2013,Rwanda,East Africa,10681679,7820052084
314,2014,Rwanda,East Africa,10948702,8239042500
315,2015,Rwanda,East Africa,11227521,8543869360
316,2016,Rwanda,East Africa,11519767,8695318854
317,2017,Rwanda,East Africa,11826177,9252833678
318,2018,Rwanda,East Africa,12142784,9636510839
319,2019,Rwanda,East Africa,12465789,10346675636
320,2020,Rwanda,East Africa,12790462,10172925172
321,2021,Rwanda,East Africa,13097817,11055281971
322,2022,Rwanda,East Africa,13412558,13312796765
323,2000,Seyshelles,East Africa,80454,654212432.4
324,2001,Seyshelles,East Africa,81711,662064193.6
325,2002,Seyshelles,East Africa,83252,742134792.4
326,2003,Seyshelles,East Africa,84949,750847276.4
327,2004,Seyshelles,East Africa,86602,893012218.2
328,2005,Seyshelles,East Africa,88025,977899381.8
329,2006,Seyshelles,East Africa,89094,1081441349
330,2007,Seyshelles,East Africa,89807,1077308888
331,2008,Seyshelles,East Africa,90267,979597364.9
332,2009,Seyshelles,East Africa,90620,851064318.8
333,2010,Seyshelles,East Africa,91032,981918002.9
334,2011,Seyshelles,East Africa,91580,1059249940
335,2012,Seyshelles,East Africa,92247,1089880668
336,2013,Seyshelles,East Africa,93006,1324915222
337,2014,Seyshelles,East Africa,93809,1387576414
338,2015,Seyshelles,East Africa,94601,1391427967
339,2016,Seyshelles,East Africa,95348,1458954110
340,2017,Seyshelles,East Africa,96067,1529773287
341,2018,Seyshelles,East Africa,96759,1587813245
342,2019,Seyshelles,East Africa,97420,1645090567
343,2020,Seyshelles,East Africa,98042,1183515398
344,2021,Seyshelles,East Africa,98743,1286687873
345,2022,Seyshelles,East Africa,99449,1588406479
346,2000,Somalia,East Africa,8713793,
347,2001,Somalia,East Africa,9030777,
348,2002,Somalia,East Africa,9345320,
349,2003,Somalia,East Africa,9659664,
350,2004,Somalia,East Africa,9973692,
351,2005,Somalia,East Africa,10289855,
352,2006,Somalia,East Africa,10606683,
353,2007,Somalia,East Africa,10923313,
354,2008,Somalia,East Africa,11239521,
355,2009,Somalia,East Africa,11558757,
356,2010,Somalia,East Africa,11882129,
357,2011,Somalia,East Africa,12211462,
358,2012,Somalia,East Africa,12546823,
359,2013,Somalia,East Africa,12891030,4577000012
360,2014,Somalia,East Africa,13245120,5024999992
361,2015,Somalia,East Africa,13611923,5335000000
362,2016,Somalia,East Africa,13992481,5534000000
363,2017,Somalia,East Africa,14389058,5609000000
364,2018,Somalia,East Africa,14800417,5856000006
365,2019,Somalia,East Africa,15227352,6485000000
366,2020,Somalia,East Africa,15669293,6883000000
367,2021,Somalia,East Africa,16040028,7628000011
368,2022,Somalia,East Africa,16419535,8126105600
369,2000,Tanzania,East Africa,33092941,13375976354
370,2001,Tanzania,East Africa,33946157,13581644246
371,2002,Tanzania,East Africa,34864219,14142035080
372,2003,Tanzania,East Africa,35840406,15224257698
373,2004,Tanzania,East Africa,36861619,16675948415
374,2005,Tanzania,East Africa,37919444,18399046025
375,2006,Tanzania,East Africa,39004008,18649590248
376,2007,Tanzania,East Africa,40119696,21843529025
377,2008,Tanzania,East Africa,41270884,27961527623
378,2009,Tanzania,East Africa,42468900,29081826159
379,2010,Tanzania,East Africa,43715411,32014247548
380,2011,Tanzania,East Africa,45015479,34657141721
381,2012,Tanzania,East Africa,46367046,39650522646
382,2013,Tanzania,East Africa,47773960,45680532614
383,2014,Tanzania,East Africa,49227919,49964825081
384,2015,Tanzania,East Africa,50727856,47378603784
385,2016,Tanzania,East Africa,52270215,49774004999
386,2017,Tanzania,East Africa,53861409,53275968095
387,2018,Tanzania,East Africa,55493688,57003686049
388,2019,Tanzania,East Africa,57166406,61026765850
389,2020,Tanzania,East Africa,58874560,66068737757
390,2021,Tanzania,East Africa,60732641,70655628141
391,2022,Tanzania,East Africa,62649363,75709289056
392,2000,Eritrea,East Africa,2265063,706370815.6
393,2001,Eritrea,East Africa,2333905,752371683.2
394,2002,Eritrea,East Africa,2428327,729321671.5
395,2003,Eritrea,East Africa,2541508,870248293.7
396,2004,Eritrea,East Africa,2660715,1109054005
397,2005,Eritrea,East Africa,2773670,1098424709
398,2006,Eritrea,East Africa,2872807,1211161880
399,2007,Eritrea,East Africa,2957696,1317974491
400,2008,Eritrea,East Africa,3029842,1380188800
401,2009,Eritrea,East Africa,3091586,1856695551
402,2010,Eritrea,East Africa,3145386,1589515447
403,2011,Eritrea,East Africa,3192382,2065001626
404,2012,Eritrea,East Africa,3232135,
405,2013,Eritrea,East Africa,3265907,
406,2014,Eritrea,East Africa,3296572,
407,2015,Eritrea,East Africa,3327260,
408,2016,Eritrea,East Africa,3359780,
409,2017,Eritrea,East Africa,3394875,
410,2018,Eritrea,East Africa,3433009,
411,2019,Eritrea,East Africa,3475139,
412,2020,Eritrea,East Africa,3521907,
413,2021,Eritrea,East Africa,3598368,
414,2022,Eritrea,East Africa,3676489,
415,2000,Ethiopia,East Africa,65289050,8242349955
416,2001,Ethiopia,East Africa,67200066,8231326016
417,2002,Ethiopia,East Africa,69158904,7850809498
418,2003,Ethiopia,East Africa,71164672,8623691300
419,2004,Ethiopia,East Africa,73210697,10131187261
420,2005,Ethiopia,East Africa,75301567,12401139454
421,2006,Ethiopia,East Africa,77426564,15280861835
422,2007,Ethiopia,East Africa,79590754,19707616773
423,2008,Ethiopia,East Africa,81801415,27066912635
424,2009,Ethiopia,East Africa,84084604,32437389116
425,2010,Ethiopia,East Africa,86446830,29933790334
426,2011,Ethiopia,East Africa,88900219,31952763089
427,2012,Ethiopia,East Africa,91440523,43310721414
428,2013,Ethiopia,East Africa,94067314,47648276190
429,2014,Ethiopia,East Africa,96751159,55612228234
430,2015,Ethiopia,East Africa,99476124,64589329345
431,2016,Ethiopia,East Africa,102227020,74296745599
432,2017,Ethiopia,East Africa,105013186,81770886909
433,2018,Ethiopia,East Africa,107823775,84269196152
434,2019,Ethiopia,East Africa,110663299,95912607970
435,2020,Ethiopia,East Africa,113529037,1.07658E+11
436,2021,Ethiopia,East Africa,116401322,1.11262E+11
437,2022,Ethiopia,East Africa,119346275,1.26783E+11
438,2000,South Sudan,East Africa,6067365,
439,2001,South Sudan,East Africa,6324614,
440,2002,South Sudan,East Africa,6568996,
441,2003,South Sudan,East Africa,6812962,
442,2004,South Sudan,East Africa,7075268,
443,2005,South Sudan,East Africa,7375968,
444,2006,South Sudan,East Africa,7723196,
445,2007,South Sudan,East Africa,8112951,
446,2008,South Sudan,East Africa,8527190,14586253383
447,2009,South Sudan,East Africa,8941261,12231264525
448,2010,South Sudan,East Africa,9326820,14602072411
449,2011,South Sudan,East Africa,9670858,14907308933
450,2012,South Sudan,East Africa,9972945,11931472169
451,2013,South Sudan,East Africa,10235331,18426469017
452,2014,South Sudan,East Africa,10455777,13962212847
453,2015,South Sudan,East Africa,10635930,11997800760
454,2016,South Sudan,East Africa,10774408,
455,2017,South Sudan,East Africa,10871969,
456,2018,South Sudan,East Africa,10943617,
457,2019,South Sudan,East Africa,11019373,
458,2020,South Sudan,East Africa,11128281,
459,2021,South Sudan,East Africa,11582204,
460,2022,South Sudan,East Africa,12054642,
461,2000,Sudan,North Africa,26952537,12257299147
462,2001,Sudan,North Africa,27625909,15716361539
463,2002,Sudan,North Africa,28340947,18137126092
464,2003,Sudan,North Africa,29085757,21355295732
465,2004,Sudan,North Africa,29839412,26646007251
466,2005,Sudan,North Africa,30584873,35182707174
467,2006,Sudan,North Africa,31308596,45263824686
468,2007,Sudan,North Africa,32014093,59440139775
469,2008,Sudan,North Africa,32712645,64833088568
470,2009,Sudan,North Africa,33425282,58315346841
471,2010,Sudan,North Africa,34167525,74151157012
472,2011,Sudan,North Africa,34950652,78402841445
473,2012,Sudan,North Africa,35774035,63196236489
474,2013,Sudan,North Africa,36636779,66027147865
475,2014,Sudan,North Africa,37528826,76818773785
476,2015,Sudan,North Africa,38444105,84984672416
477,2016,Sudan,North Africa,39377771,1.02944E+11
478,2017,Sudan,North Africa,40334385,1.29719E+11
479,2018,Sudan,North Africa,41311526,32333780383
480,2019,Sudan,North Africa,42311542,32338079165
481,2020,Sudan,North Africa,43334084,27034593750
482,2021,Sudan,North Africa,44269667,34229513775
483,2022,Sudan,North Africa,45225449,51662241775
484,2000,Algeria,North Africa,30833966,54790398813
485,2001,Algeria,North Africa,31248557,54744698044
486,2002,Algeria,North Africa,31654970,56760355865
487,2003,Algeria,North Africa,32061316,67863850334
488,2004,Algeria,North Africa,32479325,85332581189
489,2005,Algeria,North Africa,32922817,1.03198E+11
490,2006,Algeria,North Africa,33397382,1.17027E+11
491,2007,Algeria,North Africa,33906153,1.34977E+11
492,2008,Algeria,North Africa,34450330,1.71001E+11
493,2009,Algeria,North Africa,35034722,1.37211E+11
494,2010,Algeria,North Africa,35658311,1.61207E+11
495,2011,Algeria,North Africa,36322255,2.00013E+11
496,2012,Algeria,North Africa,37024642,2.09059E+11
497,2013,Algeria,North Africa,37765125,2.09755E+11
498,2014,Algeria,North Africa,38535132,2.1381E+11
499,2015,Algeria,North Africa,39329159,1.65979E+11
500,2016,Algeria,North Africa,40141959,1.60034E+11
501,2017,Algeria,North Africa,40973729,1.70097E+11
502,2018,Algeria,North Africa,41812243,1.74911E+11
503,2019,Algeria,North Africa,42644123,1.7176E+11
504,2020,Algeria,North Africa,43454229,1.45744E+11
505,2021,Algeria,North Africa,44287681,1.63472E+11
506,2022,Algeria,North Africa,45137119,1.91913E+11
507,2000,Egypt,North Africa,68177172,99838543960
508,2001,Egypt,North Africa,69497541,96684636119
509,2002,Egypt,North Africa,70824329,85146067416
510,2003,Egypt,North Africa,72161084,80288461538
511,2004,Egypt,North Africa,73502765,78782467532
512,2005,Egypt,North Africa,74853379,89600665557
513,2006,Egypt,North Africa,76204171,1.07426E+11
514,2007,Egypt,North Africa,77558480,1.30438E+11
515,2008,Egypt,North Africa,78937938,1.62818E+11
516,2009,Egypt,North Africa,80391594,1.89147E+11
517,2010,Egypt,North Africa,81954701,2.18984E+11
518,2011,Egypt,North Africa,83652513,2.3599E+11
519,2012,Egypt,North Africa,85480918,2.79117E+11
520,2013,Egypt,North Africa,87421593,2.88434E+11
521,2014,Egypt,North Africa,89422961,3.05595E+11
522,2015,Egypt,North Africa,91441901,3.29367E+11
523,2016,Egypt,North Africa,93450287,3.32442E+11
524,2017,Egypt,North Africa,95453031,2.48363E+11
525,2018,Egypt,North Africa,97441237,2.62589E+11
526,2019,Egypt,North Africa,99413912,3.18679E+11
527,2020,Egypt,North Africa,101366557,3.83818E+11
528,2021,Egypt,North Africa,103578375,4.24672E+11
529,2022,Egypt,North Africa,105838455,4.76748E+11
530,2000,SADR,North Africa,305360,
531,2001,SADR,North Africa,325474,
532,2002,SADR,North Africa,350045,
533,2003,SADR,North Africa,377316,
534,2004,SADR,North Africa,404061,
535,2005,SADR,North Africa,427245,
536,2006,SADR,North Africa,444997,
537,2007,SADR,North Africa,457324,
538,2008,SADR,North Africa,465438,
539,2009,SADR,North Africa,471360,
540,2010,SADR,North Africa,477182,
541,2011,SADR,North Africa,483991,
542,2012,SADR,North Africa,491736,
543,2013,SADR,North Africa,500353,
544,2014,SADR,North Africa,509963,
545,2015,SADR,North Africa,520644,
546,2016,SADR,North Africa,532512,
547,2017,SADR,North Africa,545738,
548,2018,SADR,North Africa,560067,
549,2019,SADR,North Africa,574989,
550,2020,SADR,North Africa,589935,
551,2021,SADR,North Africa,603091,
552,2022,SADR,North Africa,616540,
553,2000,Libya,North Africa,5317131,38270983032
554,2001,Libya,North Africa,5400922,34112079629
555,2002,Libya,North Africa,5487534,20481889764
556,2003,Libya,North Africa,5576189,26265625000
557,2004,Libya,North Africa,5665599,33122307692
558,2005,Libya,North Africa,5754753,47334697612
559,2006,Libya,North Africa,5843107,60094248772
560,2007,Libya,North Africa,5931191,68032985520
561,2008,Libya,North Africa,6016992,86710739535
562,2009,Libya,North Africa,6096673,60808538330
563,2010,Libya,North Africa,6166089,75380800664
564,2011,Libya,North Africa,6222757,48169243832
565,2012,Libya,North Africa,6266699,92540964666
566,2013,Libya,North Africa,6303193,75351117628
567,2014,Libya,North Africa,6341366,57372352562
568,2015,Libya,North Africa,6390408,48717506273
569,2016,Libya,North Africa,6455439,49912085228
570,2017,Libya,North Africa,6536805,67157451660
571,2018,Libya,North Africa,6630046,76686048499
572,2019,Libya,North Africa,6728415,69254143968
573,2020,Libya,North Africa,6824626,46808208747
574,2021,Libya,North Africa,6827356,39798423941
575,2022,Libya,North Africa,6830087,45752336036
576,2000,Morocco,North Africa,28625512,43017455401
577,2001,Morocco,North Africa,28961365,43831480206
578,2002,Morocco,North Africa,29291894,47077192184
579,2003,Morocco,North Africa,29620173,58029361339
580,2004,Morocco,North Africa,29949948,66114147932
581,2005,Morocco,North Africa,30286778,68852655480
582,2006,Morocco,North Africa,30631561,75883820424
583,2007,Morocco,North Africa,30985655,86947909745
584,2008,Morocco,North Africa,31351258,1.01823E+11
585,2009,Morocco,North Africa,31734559,1.01155E+11
586,2010,Morocco,North Africa,32137938,1.00865E+11
587,2011,Morocco,North Africa,32564424,1.10081E+11
588,2012,Morocco,North Africa,33013136,1.06937E+11
589,2013,Morocco,North Africa,33480749,1.15739E+11
590,2014,Morocco,North Africa,33955990,1.19131E+11
591,2015,Morocco,North Africa,34429920,1.10414E+11
592,2016,Morocco,North Africa,34896205,1.11573E+11
593,2017,Morocco,North Africa,35355635,1.18541E+11
594,2018,Morocco,North Africa,35807013,1.27341E+11
595,2019,Morocco,North Africa,36252247,1.2892E+11
596,2020,Morocco,North Africa,36692361,1.21348E+11
597,2021,Morocco,North Africa,37193579,1.42867E+11
598,2022,Morocco,North Africa,37701643,1.34182E+11
599,2000,Tunisia,North Africa,9661226,21473522939
600,2001,Tunisia,North Africa,9751483,22065840117
601,2002,Tunisia,North Africa,9832906,23141611179
602,2003,Tunisia,North Africa,9908576,27453895159
603,2004,Tunisia,North Africa,9983990,31183893587
604,2005,Tunisia,North Africa,10064875,32272178404
605,2006,Tunisia,North Africa,10154383,34376664601
606,2007,Tunisia,North Africa,10253395,38915343743
607,2008,Tunisia,North Africa,10359877,44859452038
608,2009,Tunisia,North Africa,10470515,43455740497
609,2010,Tunisia,North Africa,10580918,46206091938
610,2011,Tunisia,North Africa,10688997,48123314430
611,2012,Tunisia,North Africa,10794720,47311411910
612,2013,Tunisia,North Africa,10900406,48685436425
613,2014,Tunisia,North Africa,11008525,50271812921
614,2015,Tunisia,North Africa,11122053,45779494042
615,2016,Tunisia,North Africa,11242285,44360065797
616,2017,Tunisia,North Africa,11369222,42163530591
617,2018,Tunisia,North Africa,11499862,42686509836
618,2019,Tunisia,North Africa,11630494,41905637659
619,2020,Tunisia,North Africa,11757008,42538462678
620,2021,Tunisia,North Africa,11888922,46687298709
621,2022,Tunisia,North Africa,12022316,46664948952
622,2000,Botswana,South Africa,1626887,5788329609
623,2001,Botswana,South Africa,1659132,5489608300
624,2002,Botswana,South Africa,1689779,5438864269
625,2003,Botswana,South Africa,1719634,7511582173
626,2004,Botswana,South Africa,1750045,8957467707
627,2005,Botswana,South Africa,1782443,9918907108
628,2006,Botswana,South Africa,1817645,9919158482
629,2007,Botswana,South Africa,1855847,10567270656
630,2008,Botswana,South Africa,1895657,10730828592
631,2009,Botswana,South Africa,1934721,10118459714
632,2010,Botswana,South Africa,1970439,12637273429
633,2011,Botswana,South Africa,2001372,15110642876
634,2012,Botswana,South Africa,2027544,13907464500
635,2013,Botswana,South Africa,2051146,14271738367
636,2014,Botswana,South Africa,2075692,15470087926
637,2015,Botswana,South Africa,2104799,13530749290
638,2016,Botswana,South Africa,2140428,15082636723
639,2017,Botswana,South Africa,2182686,16105156376
640,2018,Botswana,South Africa,2229773,17031943186
641,2019,Botswana,South Africa,2279089,16725908662
642,2020,Botswana,South Africa,2327795,14960291541
643,2021,Botswana,South Africa,2374165,18737066307
644,2022,Botswana,South Africa,2421458,20352322157
645,2000,Lesotho,South Africa,2026304,887291645.3
646,2001,Lesotho,South Africa,2034284,825706961.2
647,2002,Lesotho,South Africa,2032761,775777263.1
648,2003,Lesotho,South Africa,2024046,1157825409
649,2004,Lesotho,South Africa,2012120,1511236656
650,2005,Lesotho,South Africa,2000994,1682343439
651,2006,Lesotho,South Africa,1992999,1800092519
652,2007,Lesotho,South Africa,1988417,1682025303
653,2008,Lesotho,South Africa,1987029,1766820422
654,2009,Lesotho,South Africa,1988645,1740835820
655,2010,Lesotho,South Africa,1992877,2234731974
656,2011,Lesotho,South Africa,1999718,2579421686
657,2012,Lesotho,South Africa,2009421,2477702253
658,2013,Lesotho,South Africa,2021814,2367113170
659,2014,Lesotho,South Africa,2036049,2441063169
660,2015,Lesotho,South Africa,2051293,2359754088
661,2016,Lesotho,South Africa,2067070,2114426469
662,2017,Lesotho,South Africa,2083354,2306741599
663,2018,Lesotho,South Africa,2099999,2556247156
664,2019,Lesotho,South Africa,2116867,2436029588
665,2020,Lesotho,South Africa,2133806,2117736528
666,2021,Lesotho,South Africa,2159433,2373416269
667,2022,Lesotho,South Africa,2185368,2553459763
668,2000,Namibia,South Africa,1779306,3922231976
669,2001,Namibia,South Africa,1809245,3557341284
670,2002,Namibia,South Africa,1837707,3349169932
671,2003,Namibia,South Africa,1865429,4926439275
672,2004,Namibia,South Africa,1893503,6609206506
673,2005,Namibia,South Africa,1923152,7248375217
674,2006,Namibia,South Africa,1954953,8001779551
675,2007,Namibia,South Africa,1989062,8839536894
676,2008,Namibia,South Africa,2025050,8607431845
677,2009,Namibia,South Africa,2062365,8938847364
678,2010,Namibia,South Africa,2100113,11431412421
679,2011,Namibia,South Africa,2137943,12523359441
680,2012,Namibia,South Africa,2175842,13042053857
681,2013,Namibia,South Africa,2214301,12043307277
682,2014,Namibia,South Africa,2253630,12435430396
683,2015,Namibia,South Africa,2294334,11335161230
684,2016,Namibia,South Africa,2336590,10722018975
685,2017,Namibia,South Africa,2380517,12895153160
686,2018,Namibia,South Africa,2425649,13682019172
687,2019,Namibia,South Africa,2471602,12541928103
688,2020,Namibia,South Africa,2517847,10583748757
689,2021,Namibia,South Africa,2575229,12446290855
690,2022,Namibia,South Africa,2633918,12607436976
691,2000,Eswatini,South Africa,1030000,1738093757
692,2001,Eswatini,South Africa,1041000,1542477309
693,2002,Eswatini,South Africa,1051000,1432221784
694,2003,Eswatini,South Africa,1059000,2197598418
695,2004,Eswatini,South Africa,1066000,2770082792
696,2005,Eswatini,South Africa,1072000,3178112332
697,2006,Eswatini,South Africa,1078000,3291329938
698,2007,Eswatini,South Africa,1084000,3469381231
699,2008,Eswatini,South Africa,1090000,3294084181
700,2009,Eswatini,South Africa,1095000,3580427986
701,2010,Eswatini,South Africa,1100000,4438765109
702,2011,Eswatini,South Africa,1105000,4820478592
703,2012,Eswatini,South Africa,1111000,4886551706
704,2013,Eswatini,South Africa,1118000,4597552949
705,2014,Eswatini,South Africa,1126000,4422986447
706,2015,Eswatini,South Africa,1134000,4063245671
707,2016,Eswatini,South Africa,1143000,3816019223
708,2017,Eswatini,South Africa,1151000,4402969226
709,2018,Eswatini,South Africa,1160000,4666598024
710,2019,Eswatini,South Africa,1170000,4466214522
711,2020,Eswatini,South Africa,1181000,3982236726
712,2021,Eswatini,South Africa,1192000,4748702401
713,2022,Eswatini,South Africa,1201670,4854167638
714,2000,South Africa,South Africa,44654851,1.51753E+11
715,2001,South Africa,South Africa,45271973,1.3543E+11
716,2002,South Africa,South Africa,45863475,1.29088E+11
717,2003,South Africa,South Africa,46437393,1.97019E+11
718,2004,South Africa,South Africa,47006970,2.55807E+11
719,2005,South Africa,South Africa,47588523,2.88867E+11
720,2006,South Africa,South Africa,48187532,3.03859E+11
721,2007,South Africa,South Africa,48807205,3.33077E+11
722,2008,South Africa,South Africa,49451421,3.16131E+11
723,2009,South Africa,South Africa,50131109,3.29754E+11
724,2010,South Africa,South Africa,50850031,4.17364E+11
725,2011,South Africa,South Africa,51613596,4.58199E+11
726,2012,South Africa,South Africa,52420474,4.34401E+11
727,2013,South Africa,South Africa,53263404,4.00886E+11
728,2014,South Africa,South Africa,54119177,3.81199E+11
729,2015,South Africa,South Africa,54968738,3.4671E+11
730,2016,South Africa,South Africa,55799253,3.23586E+11
731,2017,South Africa,South Africa,56611996,3.81449E+11
732,2018,South Africa,South Africa,57404352,4.04159E+11
733,2019,South Africa,South Africa,58178540,3.88531E+11
734,2020,South Africa,South Africa,58935529,3.3762E+11
735,2021,South Africa,South Africa,59572622,4.19016E+11
736,2022,South Africa,South Africa,60216602,4.0587E+11
737,2000,Angola,Central Africa,16132618,9129594819
738,2001,Angola,Central Africa,16672876,8936079253
739,2002,Angola,Central Africa,17234943,15285592487
740,2003,Angola,Central Africa,17822922,17812704626
741,2004,Angola,Central Africa,18441547,23552057820
742,2005,Angola,Central Africa,19098647,36970901025
743,2006,Angola,Central Africa,19794698,52381025105
744,2007,Angola,Central Africa,20530737,65266415707
745,2008,Angola,Central Africa,21302657,88538664888
746,2009,Angola,Central Africa,22108320,70307196477
747,2010,Angola,Central Africa,22938721,81699526881
748,2011,Angola,Central Africa,23792006,1.09437E+11
749,2012,Angola,Central Africa,24666717,1.24998E+11
750,2013,Angola,Central Africa,25565586,1.33402E+11
751,2014,Angola,Central Africa,26482585,1.37244E+11
752,2015,Angola,Central Africa,27416950,87219300385
753,2016,Angola,Central Africa,28366049,49840491178
754,2017,Angola,Central Africa,29333629,68972769396
755,2018,Angola,Central Africa,30317359,77792944472
756,2019,Angola,Central Africa,31321716,69309110146
757,2020,Angola,Central Africa,32348628,50241368244
758,2021,Angola,Central Africa,33412574,65685435101
759,2022,Angola,Central Africa,34511514,1.06714E+11
760,2000,Gabon,Central Africa,1213789,5080483628
761,2001,Gabon,Central Africa,1243305,5023265411
762,2002,Gabon,Central Africa,1273284,5335451104
763,2003,Gabon,Central Africa,1304258,6511903364
764,2004,Gabon,Central Africa,1336959,7770219004
765,2005,Gabon,Central Africa,1372320,9582783997
766,2006,Gabon,Central Africa,1410510,10327598309
767,2007,Gabon,Central Africa,1451529,12455409575
768,2008,Gabon,Central Africa,1495677,15571348329
769,2009,Gabon,Central Africa,1543939,12113699059
770,2010,Gabon,Central Africa,1596762,14372593014
771,2011,Gabon,Central Africa,1654636,18210307754
772,2012,Gabon,Central Africa,1717331,17170464001
773,2013,Gabon,Central Africa,1783650,17595744804
774,2014,Gabon,Central Africa,1850710,18203966900
775,2015,Gabon,Central Africa,1916008,14383107763
776,2016,Gabon,Central Africa,1977950,14023890264
777,2017,Gabon,Central Africa,2036581,14929487496
778,2018,Gabon,Central Africa,2092267,16867326390
779,2019,Gabon,Central Africa,2146146,16874405460
780,2020,Gabon,Central Africa,2199298,15314577168
781,2021,Gabon,Central Africa,2248650,20217946921
782,2022,Gabon,Central Africa,2299110,21071739228
783,2000,Cameroon,Central Africa,15314368,10566579295
784,2001,Cameroon,Central Africa,15723132,10953485345
785,2002,Cameroon,Central Africa,16145019,12417251342
786,2003,Cameroon,Central Africa,16581059,15970315030
787,2004,Cameroon,Central Africa,17031348,18826214125
788,2005,Cameroon,Central Africa,17498313,19509852219
789,2006,Cameroon,Central Africa,17980557,20910512978
790,2007,Cameroon,Central Africa,18479062,23928250410
791,2008,Cameroon,Central Africa,18992906,27715142006
792,2009,Cameroon,Central Africa,19523506,27932970297
793,2010,Cameroon,Central Africa,20067845,27507501809
794,2011,Cameroon,Central Africa,20626137,30630910513
795,2012,Cameroon,Central Africa,21197411,30155062303
796,2013,Cameroon,Central Africa,21783717,33728621190
797,2014,Cameroon,Central Africa,22382061,36386544716
798,2015,Cameroon,Central Africa,22992648,32210233022
799,2016,Cameroon,Central Africa,23614179,33814337041
800,2017,Cameroon,Central Africa,24248938,36098547059
801,2018,Cameroon,Central Africa,24893838,39973842059
802,2019,Cameroon,Central Africa,25549037,39670976440
803,2020,Cameroon,Central Africa,26212955,40773241212
804,2021,Cameroon,Central Africa,26870114,45338285386
805,2022,Cameroon,Central Africa,27543748,44341646509
806,2000,Democratic Republic of the Congo,Central Africa,46515964,19088046306
807,2001,Democratic Republic of the Congo,Central Africa,47772618,7438189100
808,2002,Democratic Republic of the Congo,Central Africa,49156033,8728038525
809,2003,Democratic Republic of the Congo,Central Africa,50655012,8937567060
810,2004,Democratic Republic of the Congo,Central Africa,52251716,10297483481
811,2005,Democratic Republic of the Congo,Central Africa,53934438,11964484458
812,2006,Democratic Republic of the Congo,Central Africa,55689335,14451901696
813,2007,Democratic Republic of the Congo,Central Africa,57523575,16737071816
814,2008,Democratic Republic of the Congo,Central Africa,59437789,19788515579
815,2009,Democratic Republic of the Congo,Central Africa,61438256,18648372545
816,2010,Democratic Republic of the Congo,Central Africa,63514905,21565721036
817,2011,Democratic Republic of the Congo,Central Africa,65668507,25839749199
818,2012,Democratic Republic of the Congo,Central Africa,67894140,29306235295
819,2013,Democratic Republic of the Congo,Central Africa,70199385,32679745036
820,2014,Democratic Republic of the Congo,Central Africa,72573023,35909040944
821,2015,Democratic Republic of the Congo,Central Africa,75016168,37917706486
822,2016,Democratic Republic of the Congo,Central Africa,77523783,37134801549
823,2017,Democratic Republic of the Congo,Central Africa,80104672,38019264805
824,2018,Democratic Republic of the Congo,Central Africa,82744398,47568210021
825,2019,Democratic Republic of the Congo,Central Africa,85440518,51775829869
826,2020,Democratic Republic of the Congo,Central Africa,88183557,48716961865
827,2021,Democratic Republic of the Congo,Central Africa,90973685,55350968593
828,2022,Democratic Republic of the Congo,Central Africa,93852092,58065953573
829,2000,Republic of the Congo,Central Africa,3083169,3227927697
830,2001,Republic of the Congo,Central Africa,3173047,2796704603
831,2002,Republic of the Congo,Central Africa,3264533,3034250926
832,2003,Republic of the Congo,Central Africa,3359042,3503723087
833,2004,Republic of the Congo,Central Africa,3458974,4656974938
834,2005,Republic of the Congo,Central Africa,3567083,6650001685
835,2006,Republic of the Congo,Central Africa,3684462,8072305031
836,2007,Republic of the Congo,Central Africa,3811171,8782703428
837,2008,Republic of the Congo,Central Africa,3944175,11649857662
838,2009,Republic of the Congo,Central Africa,4078994,9723299908
839,2010,Republic of the Congo,Central Africa,4210096,13148396206
840,2011,Republic of the Congo,Central Africa,4334788,15655383586
841,2012,Republic of the Congo,Central Africa,4452835,17692911281
842,2013,Republic of the Congo,Central Africa,4566940,17958720704
843,2014,Republic of the Congo,Central Africa,4680330,17912907682
844,2015,Republic of the Congo,Central Africa,4797019,11890259177
845,2016,Republic of the Congo,Central Africa,4918886,10219341017
846,2017,Republic of the Congo,Central Africa,5046382,11094823677
847,2018,Republic of the Congo,Central Africa,5178081,13670038020
848,2019,Republic of the Congo,Central Africa,5312993,12750338736
849,2020,Republic of the Congo,Central Africa,5449674,10483151094
850,2021,Republic of the Congo,Central Africa,5588750,13366230821
851,2022,Republic of the Congo,Central Africa,5731375,14615532210
852,2000,Sao Tome and Principe,Central Africa,141120,
853,2001,Sao Tome and Principe,Central Africa,143522,75951131.95
854,2002,Sao Tome and Principe,Central Africa,146116,85171073.88
855,2003,Sao Tome and Principe,Central Africa,148940,102085765.5
856,2004,Sao Tome and Principe,Central Africa,152080,114582282
857,2005,Sao Tome and Principe,Central Africa,155619,136450658.1
858,2006,Sao Tome and Principe,Central Africa,159591,142775109.8
859,2007,Sao Tome and Principe,Central Africa,164005,149146918.9
860,2008,Sao Tome and Principe,Central Africa,168723,188021169.3
861,2009,Sao Tome and Principe,Central Africa,173519,187821029.4
862,2010,Sao Tome and Principe,Central Africa,178143,196652514.3
863,2011,Sao Tome and Principe,Central Africa,182464,231489270.1
864,2012,Sao Tome and Principe,Central Africa,186468,250680845.8
865,2013,Sao Tome and Principe,Central Africa,190250,300554483.6
866,2014,Sao Tome and Principe,Central Africa,193917,346528329.2
867,2015,Sao Tome and Principe,Central Africa,197598,316066072.3
868,2016,Sao Tome and Principe,Central Africa,201340,345495615
869,2017,Sao Tome and Principe,Central Africa,205169,375614126.2
870,2018,Sao Tome and Principe,Central Africa,209075,412253809.7
871,2019,Sao Tome and Principe,Central Africa,213057,427425039.7
872,2020,Sao Tome and Principe,Central Africa,217116,472551023.6
873,2021,Sao Tome and Principe,Central Africa,221795,526653790.7
874,2022,Sao Tome and Principe,Central Africa,226575,546680341.7
875,2000,Central African Republic,Central Africa,3599445,916777282.7
876,2001,Central African Republic,Central Africa,3681554,932648604.4
877,2002,Central African Republic,Central Africa,3762402,996068145.6
878,2003,Central African Republic,Central Africa,3841982,1142315522
879,2004,Central African Republic,Central Africa,3920749,1272360517
880,2005,Central African Republic,Central Africa,3999454,1337894380
881,2006,Central African Republic,Central Africa,4078555,1461859763
882,2007,Central African Republic,Central Africa,4158368,1699811293
883,2008,Central African Republic,Central Africa,4235892,1993407887
884,2009,Central African Republic,Central Africa,4305760,2067381664
885,2010,Central African Republic,Central Africa,4362396,2142591539
886,2011,Central African Republic,Central Africa,4402833,2437982707
887,2012,Central African Republic,Central Africa,4427574,2510126510
888,2013,Central African Republic,Central Africa,4442225,1691544111
889,2014,Central African Republic,Central Africa,4456125,1894813390
890,2015,Central African Republic,Central Africa,4478790,1695825714
891,2016,Central African Republic,Central Africa,4515549,1825018144
892,2017,Central African Republic,Central Africa,4567093,2072349974
893,2018,Central African Republic,Central Africa,4631488,2220979145
894,2019,Central African Republic,Central Africa,4706101,2221301351
895,2020,Central African Republic,Central Africa,4787703,2326720902
896,2021,Central African Republic,Central Africa,4881015,2516498412
897,2022,Central African Republic,Central Africa,4976146,2382618615
898,2000,Chad,Central Africa,8205418,1388506772
899,2001,Chad,Central Africa,8518176,1710843376
900,2002,Chad,Central Africa,8850040,1997005710
901,2003,Chad,Central Africa,9198027,2742815071
902,2004,Chad,Central Africa,9555323,4422855658
903,2005,Chad,Central Africa,9917183,6649307528
904,2006,Chad,Central Africa,10278357,7428701455
905,2007,Chad,Central Africa,10639060,8650137735
906,2008,Chad,Central Africa,11001809,10393833755
907,2009,Chad,Central Africa,11373413,9290728312
908,2010,Chad,Central Africa,11757749,10668103549
909,2011,Chad,Central Africa,12158240,12172308858
910,2012,Chad,Central Africa,12574025,12367362746
911,2013,Chad,Central Africa,13004381,12953534870
912,2014,Chad,Central Africa,13443819,13940767222
913,2015,Chad,Central Africa,13889105,10950392257
914,2016,Chad,Central Africa,14337546,10097778097
915,2017,Chad,Central Africa,14791080,10000394388
916,2018,Chad,Central Africa,15249138,11239167890
917,2019,Chad,Central Africa,15714233,11314951088
918,2020,Chad,Central Africa,16187679,10715396051
919,2021,Chad,Central Africa,16722196,11779981332
920,2022,Chad,Central Africa,17274363,12704149842
921,2000,Equatorial Guinea,Central Africa,594039,1045998496
922,2001,Equatorial Guinea,Central Africa,619026,1461139022
923,2002,Equatorial Guinea,Central Africa,645135,1806742742
924,2003,Equatorial Guinea,Central Africa,672645,2484745935
925,2004,Equatorial Guinea,Central Africa,701892,4410764339
926,2005,Equatorial Guinea,Central Africa,733372,8217369093
927,2006,Equatorial Guinea,Central Africa,767154,10086528699
928,2007,Equatorial Guinea,Central Africa,803243,13071718759
929,2008,Equatorial Guinea,Central Africa,841369,19749893536
930,2009,Equatorial Guinea,Central Africa,881381,15027795173
931,2010,Equatorial Guinea,Central Africa,922787,16314443429
932,2011,Equatorial Guinea,Central Africa,965428,21357343682
933,2012,Equatorial Guinea,Central Africa,1009147,22388344124
934,2013,Equatorial Guinea,Central Africa,1053987,21948834290
935,2014,Equatorial Guinea,Central Africa,1099531,21765453087
936,2015,Equatorial Guinea,Central Africa,1145614,13185496881
937,2016,Equatorial Guinea,Central Africa,1192005,11240808847
938,2017,Equatorial Guinea,Central Africa,1238787,12200913888
939,2018,Equatorial Guinea,Central Africa,1285680,13097012124
940,2019,Equatorial Guinea,Central Africa,1332667,11364133546
941,2020,Equatorial Guinea,Central Africa,1379612,10099157996
942,2021,Equatorial Guinea,Central Africa,1420407,12269393392
943,2022,Equatorial Guinea,Central Africa,1462408,11813908448
944,2000,Benin,West Africa,6765575,3519991440
945,2001,Benin,West Africa,6972203,3666222634
946,2002,Benin,West Africa,7186963,4194342689
947,2003,Benin,West Africa,7408903,5349258093
948,2004,Benin,West Africa,7635906,6190270377
949,2005,Benin,West Africa,7867067,6567654959
950,2006,Benin,West Africa,8100522,7034111316
951,2007,Benin,West Africa,8336819,8169048375
952,2008,Benin,West Africa,8576514,9787734517
953,2009,Benin,West Africa,8821832,9738626510
954,2010,Benin,West Africa,9073030,9535345011
955,2011,Benin,West Africa,9331116,10693321370
956,2012,Benin,West Africa,9595775,11141358106
957,2013,Benin,West Africa,9868056,12517845128
958,2014,Benin,West Africa,10146876,13284527850
959,2015,Benin,West Africa,10432589,11388160997
960,2016,Benin,West Africa,10724826,11821065852
961,2017,Benin,West Africa,11024878,12701655846
962,2018,Benin,West Africa,11331387,14262408080
963,2019,Benin,West Africa,11644392,14391686309
964,2020,Benin,West Africa,11963054,15651545209
965,2021,Benin,West Africa,12284501,17690083520
966,2022,Benin,West Africa,12614586,17401746309
967,2000,Burkina Faso,West Africa,11446212,2968370087
968,2001,Burkina Faso,West Africa,11777653,3190371080
969,2002,Burkina Faso,West Africa,12120275,3622350066
970,2003,Burkina Faso,West Africa,12475346,4740768141
971,2004,Burkina Faso,West Africa,12843627,5451688535
972,2005,Burkina Faso,West Africa,13227864,6146353177
973,2006,Burkina Faso,West Africa,13627228,6547419822
974,2007,Burkina Faso,West Africa,14042339,7625722829
975,2008,Burkina Faso,West Africa,14472073,9451435481
976,2009,Burkina Faso,West Africa,14917266,9450696866
977,2010,Burkina Faso,West Africa,15375062,10109619736
978,2011,Burkina Faso,West Africa,15845522,12080295985
979,2012,Burkina Faso,West Africa,16327920,12561015145
980,2013,Burkina Faso,West Africa,16824083,13444300490
981,2014,Burkina Faso,West Africa,17331519,13943016080
982,2015,Burkina Faso,West Africa,17850478,11832159316
983,2016,Burkina Faso,West Africa,18379947,12833363044
984,2017,Burkina Faso,West Africa,18922040,14106955625
985,2018,Burkina Faso,West Africa,19474645,15890066210
986,2019,Burkina Faso,West Africa,20038767,16178161666
987,2020,Burkina Faso,West Africa,20613920,17933606213
988,2021,Burkina Faso,West Africa,21218526,19737616003
989,2022,Burkina Faso,West Africa,21840865,18884619613
990,2000,Gambia,West Africa,1297524,782913866
991,2001,Gambia,West Africa,1339063,687410630.5
992,2002,Gambia,West Africa,1382348,578235309.3
993,2003,Gambia,West Africa,1427282,487038679.4
994,2004,Gambia,West Africa,1473352,961900640.8
995,2005,Gambia,West Africa,1520329,1027701056
996,2006,Gambia,West Africa,1567791,1054112488
997,2007,Gambia,West Africa,1615844,1279703030
998,2008,Gambia,West Africa,1664702,1561766956
999,2009,Gambia,West Africa,1714992,1450142497
1000,2010,Gambia,West Africa,1766955,1543294945
1001,2011,Gambia,West Africa,1820896,1409693594
1002,2012,Gambia,West Africa,1876736,1415004743
1003,2013,Gambia,West Africa,1934605,1375609460
1004,2014,Gambia,West Africa,1994120,1229461732
1005,2015,Gambia,West Africa,2055203,1378176606
1006,2016,Gambia,West Africa,2117670,1484578897
1007,2017,Gambia,West Africa,2181783,1504909448
1008,2018,Gambia,West Africa,2247268,1670671340
1009,2019,Gambia,West Africa,2314172,1813609679
1010,2020,Gambia,West Africa,2382368,1812170878
1011,2021,Gambia,West Africa,2459438,2038414974
1012,2022,Gambia,West Africa,2539001,2273060863
1013,2000,Ghana,West Africa,19046884,4982849054
1014,2001,Ghana,West Africa,19519854,5314871684
1015,2002,Ghana,West Africa,20003664,6166197192
1016,2003,Ghana,West Africa,20500413,7632720680
1017,2004,Ghana,West Africa,21012744,8881419348
1018,2005,Ghana,West Africa,21545717,10744562615
1019,2006,Ghana,West Africa,22099172,20885042153
1020,2007,Ghana,West Africa,22673905,24827333947
1021,2008,Ghana,West Africa,23265528,28679383241
1022,2009,Ghana,West Africa,23869882,26048726186
1023,2010,Ghana,West Africa,24477780,32197648061
1024,2011,Ghana,West Africa,25086163,39336668081
1025,2012,Ghana,West Africa,25693747,41271708600
1026,2013,Ghana,West Africa,26304559,62824629066
1027,2014,Ghana,West Africa,26918595,54783320577
1028,2015,Ghana,West Africa,27539409,49406014245
1029,2016,Ghana,West Africa,28167304,56164933479
1030,2017,Ghana,West Africa,28804334,60405920071
1031,2018,Ghana,West Africa,29446939,67298913752
1032,2019,Ghana,West Africa,30095157,68337974419
1033,2020,Ghana,West Africa,30747191,70043095503
1034,2021,Ghana,West Africa,31482356,79156409410
1035,2022,Ghana,West Africa,32235099,72838798788
1036,2000,Guinea,West Africa,8148248,2995361112
1037,2001,Guinea,West Africa,8329633,2829435908
1038,2002,Guinea,West Africa,8502274,2950198724
1039,2003,Guinea,West Africa,8670273,3446441785
1040,2004,Guinea,West Africa,8839885,3635458214
1041,2005,Guinea,West Africa,9018413,2937071740
1042,2006,Guinea,West Africa,9209316,4220019243
1043,2007,Guinea,West Africa,9413656,6281917650
1044,2008,Guinea,West Africa,9629080,6964179188
1045,2009,Guinea,West Africa,9852560,6716904516
1046,2010,Guinea,West Africa,10079255,6853467833
1047,2011,Guinea,West Africa,10307252,6785137215
1048,2012,Guinea,West Africa,10536878,7638045226
1049,2013,Guinea,West Africa,10773416,8376613880
1050,2014,Guinea,West Africa,11022956,8778473643
1051,2015,Guinea,West Africa,11292688,8794202395
1052,2016,Guinea,West Africa,11586102,8595955601
1053,2017,Guinea,West Africa,11904327,10324668271
1054,2018,Guinea,West Africa,12242329,11857030366
1055,2019,Guinea,West Africa,12594236,13442861497
1056,2020,Guinea,West Africa,12953007,14177835841
1057,2021,Guinea,West Africa,13303127,16091817842
1058,2022,Guinea,West Africa,13662711,21227749389
1059,2000,Guinea-Bissau,West Africa,1189285,371095522.1
1060,2001,Guinea-Bissau,West Africa,1214311,392621389.5
1061,2002,Guinea-Bissau,West Africa,1240892,417806651.1
1062,2003,Guinea-Bissau,West Africa,1268994,477458577.2
1063,2004,Guinea-Bissau,West Africa,1298477,532062894.8
1064,2005,Guinea-Bissau,West Africa,1329341,587029096
1065,2006,Guinea-Bissau,West Africa,1361391,592365659.8
1066,2007,Guinea-Bissau,West Africa,1394703,696910784
1067,2008,Guinea-Bissau,West Africa,1429337,868154627.9
1068,2009,Guinea-Bissau,West Africa,1465580,830126428.8
1069,2010,Guinea-Bissau,West Africa,1503420,849878489.1
1070,2011,Guinea-Bissau,West Africa,1542965,1099818592
1071,2012,Guinea-Bissau,West Africa,1584103,989271155.1
1072,2013,Guinea-Bissau,West Africa,1626798,1046087367
1073,2014,Guinea-Bissau,West Africa,1670528,1054915581
1074,2015,Guinea-Bissau,West Africa,1715004,1048229633
1075,2016,Guinea-Bissau,West Africa,1759944,1179004911
1076,2017,Guinea-Bissau,West Africa,1805478,1350177012
1077,2018,Guinea-Bissau,West Africa,1851415,1504630234
1078,2019,Guinea-Bissau,West Africa,1897802,1439638411
1079,2020,Guinea-Bissau,West Africa,1944586,1431758232
1080,2021,Guinea-Bissau,West Africa,1991587,1638517607
1081,2022,Guinea-Bissau,West Africa,2039724,1633559092
1082,2000,Cape Verde,West Africa,424338,539227277.6
1083,2001,Cape Verde,West Africa,431970,563090488.9
1084,2002,Cape Verde,West Africa,439358,620507385.7
1085,2003,Cape Verde,West Africa,446469,813260468.9
1086,2004,Cape Verde,West Africa,453290,924940012.9
1087,2005,Cape Verde,West Africa,459853,972241682.1
1088,2006,Cape Verde,West Africa,466128,1107571459
1089,2007,Cape Verde,West Africa,472143,1649621735
1090,2008,Cape Verde,West Africa,477972,1959620653
1091,2009,Cape Verde,West Africa,483780,1852334581
1092,2010,Cape Verde,West Africa,489680,1824751460
1093,2011,Cape Verde,West Africa,495777,2046817975
1094,2012,Cape Verde,West Africa,502067,1913081206
1095,2013,Cape Verde,West Africa,508517,2028910915
1096,2014,Cape Verde,West Africa,515035,2041930125
1097,2015,Cape Verde,West Africa,521535,1749857628
1098,2016,Cape Verde,West Africa,527957,1849789993
1099,2017,Cape Verde,West Africa,534346,1996741545
1100,2018,Cape Verde,West Africa,540657,2205099509
1101,2019,Cape Verde,West Africa,546875,2266752197
1102,2020,Cape Verde,West Africa,552979,1878277311
1103,2021,Cape Verde,West Africa,559576,2091741774
1104,2022,Cape Verde,West Africa,566252,2314816792
1105,2000,Ivory Coast,West Africa,16244770,
1106,2001,Ivory Coast,West Africa,16655481,
1107,2002,Ivory Coast,West Africa,17043839,
1108,2003,Ivory Coast,West Africa,17417089,
1109,2004,Ivory Coast,West Africa,17786066,
1110,2005,Ivory Coast,West Africa,18164081,
1111,2006,Ivory Coast,West Africa,18556359,
1112,2007,Ivory Coast,West Africa,18964793,
1113,2008,Ivory Coast,West Africa,19389596,
1114,2009,Ivory Coast,West Africa,19834222,
1115,2010,Ivory Coast,West Africa,20297993,
1116,2011,Ivory Coast,West Africa,20782835,
1117,2012,Ivory Coast,West Africa,21289337,
1118,2013,Ivory Coast,West Africa,21819567,
1119,2014,Ivory Coast,West Africa,22369891,
1120,2015,Ivory Coast,West Africa,22939287,
1121,2016,Ivory Coast,West Africa,23526067,
1122,2017,Ivory Coast,West Africa,24132627,
1123,2018,Ivory Coast,West Africa,24755947,
1124,2019,Ivory Coast,West Africa,25395550,
1125,2020,Ivory Coast,West Africa,26049222,
1126,2021,Ivory Coast,West Africa,26674403,
1127,2022,Ivory Coast,West Africa,27314589,
1128,2000,Liberia,West Africa,2774484,874000000
1129,2001,Liberia,West Africa,2901621,906000000
1130,2002,Liberia,West Africa,2989618,927000000
1131,2003,Liberia,West Africa,3051106,748000000
1132,2004,Liberia,West Africa,3106515,897000000
1133,2005,Liberia,West Africa,3177223,949000000
1134,2006,Liberia,West Africa,3274119,1119000000
1135,2007,Liberia,West Africa,3396106,1373000000
1136,2008,Liberia,West Africa,3535286,1726000000
1137,2009,Liberia,West Africa,3681597,1768000000
1138,2010,Liberia,West Africa,3823307,1998000000
1139,2011,Liberia,West Africa,3954920,2398000000
1140,2012,Liberia,West Africa,4076877,2791614000
1141,2013,Liberia,West Africa,4192463,3177198100
1142,2014,Liberia,West Africa,4304379,3225652000
1143,2015,Liberia,West Africa,4416332,3227075700
1144,2016,Liberia,West Africa,4529822,3398419600
1145,2017,Liberia,West Africa,4644980,3390703400
1146,2018,Liberia,West Africa,4761080,3422754800
1147,2019,Liberia,West Africa,4878662,3319596500
1148,2020,Liberia,West Africa,4997854,3039982500
1149,2021,Liberia,West Africa,5126699,3509000000
1150,2022,Liberia,West Africa,5258865,4001047150
1151,2000,Mauritania,West Africa,2596088,1779520862
1152,2001,Mauritania,West Africa,2666608,1746063580
1153,2002,Mauritania,West Africa,2740562,1777057503
1154,2003,Mauritania,West Africa,2817948,2051147607
1155,2004,Mauritania,West Africa,2898422,2362501023
1156,2005,Mauritania,West Africa,2982071,2936019526
1157,2006,Mauritania,West Africa,3068413,3919577286
1158,2007,Mauritania,West Africa,3157582,4346212411
1159,2008,Mauritania,West Africa,3249631,5206437121
1160,2009,Mauritania,West Africa,3345222,4714595488
1161,2010,Mauritania,West Africa,3444218,5628878866
1162,2011,Mauritania,West Africa,3546852,6764627666
1163,2012,Mauritania,West Africa,3652895,6728208836
1164,2013,Mauritania,West Africa,3762482,7223071177
1165,2014,Mauritania,West Africa,3874662,6592537782
1166,2015,Mauritania,West Africa,3989073,6166863960
1167,2016,Mauritania,West Africa,4105238,6398741856
1168,2017,Mauritania,West Africa,4223546,6800138755
1169,2018,Mauritania,West Africa,4343443,7473550557
1170,2019,Mauritania,West Africa,4465008,8066118984
1171,2020,Mauritania,West Africa,4588018,8405498736
1172,2021,Mauritania,West Africa,4702076,9996240419
1173,2022,Mauritania,West Africa,4818970,10375460680
1174,2000,Mali,West Africa,10795522,2961484954
1175,2001,Mali,West Africa,11110362,3468337941
1176,2002,Mali,West Africa,11445665,3908121310
1177,2003,Mali,West Africa,11801294,4714071978
1178,2004,Mali,West Africa,12176941,5454249123
1179,2005,Mali,West Africa,12573964,6247515892
1180,2006,Mali,West Africa,12991202,6905934219
1181,2007,Mali,West Africa,13429258,8156468818
1182,2008,Mali,West Africa,13883779,9838403091
1183,2009,Mali,West Africa,14349425,10231962383
1184,2010,Mali,West Africa,14817312,10689168011
1185,2011,Mali,West Africa,15283884,12995112698
1186,2012,Mali,West Africa,15748313,12442035328
1187,2013,Mali,West Africa,16216606,13242690790
1188,2014,Mali,West Africa,16694024,14364937128
1189,2015,Mali,West Africa,17188566,13104764379
1190,2016,Mali,West Africa,17703549,14026048334
1191,2017,Mali,West Africa,18241186,15365713059
1192,2018,Mali,West Africa,18797415,17070867578
1193,2019,Mali,West Africa,19370274,17280250805
1194,2020,Mali,West Africa,19956048,17465392779
1195,2021,Mali,West Africa,20548743,19309463506
1196,2022,Mali,West Africa,21159041,18827176532
1197,2000,Niger,West Africa,11131839,2241753193
1198,2001,Niger,West Africa,11543188,2448714703
1199,2002,Niger,West Africa,11972479,2782192881
1200,2003,Niger,West Africa,12420868,3394084731
1201,2004,Niger,West Africa,12888254,3760443735
1202,2005,Niger,West Africa,13377243,4383315968
1203,2006,Niger,West Africa,13886356,4756361253
1204,2007,Niger,West Africa,14416912,5731485046
1205,2008,Niger,West Africa,14969704,7297600219
1206,2009,Niger,West Africa,15549456,7352131304
1207,2010,Niger,West Africa,16156130,7851192499
1208,2011,Niger,West Africa,16792072,8772950783
1209,2012,Niger,West Africa,17456849,9426912639
1210,2013,Niger,West Africa,18152662,10224897441
1211,2014,Niger,West Africa,18875259,10862943546
1212,2015,Niger,West Africa,19624052,9683867927
1213,2016,Niger,West Africa,20397377,10398861981
1214,2017,Niger,West Africa,21198932,11185101444
1215,2018,Niger,West Africa,22026063,12808661487
1216,2019,Niger,West Africa,22880342,12916454871
1217,2020,Niger,West Africa,23761125,13744174582
1218,2021,Niger,West Africa,24708243,14915002099
1219,2022,Niger,West Africa,25693114,13969605583
1220,2000,Nigeria,West Africa,120780216,69448962761
1221,2001,Nigeria,West Africa,123851731,74030562270
1222,2002,Nigeria,West Africa,127008222,95054094655
1223,2003,Nigeria,West Africa,130261937,1.04739E+11
1224,2004,Nigeria,West Africa,133619871,1.35765E+11
1225,2005,Nigeria,West Africa,137107284,1.75671E+11
1226,2006,Nigeria,West Africa,140716755,2.38455E+11
1227,2007,Nigeria,West Africa,144454761,2.78261E+11
1228,2008,Nigeria,West Africa,148315533,3.39476E+11
1229,2009,Nigeria,West Africa,152313946,2.95009E+11
1230,2010,Nigeria,West Africa,156431242,3.66991E+11
1231,2011,Nigeria,West Africa,160671820,4.14467E+11
1232,2012,Nigeria,West Africa,165029028,4.63971E+11
1233,2013,Nigeria,West Africa,169515956,5.20117E+11
1234,2014,Nigeria,West Africa,174104440,5.74184E+11
1235,2015,Nigeria,West Africa,178790641,4.93027E+11
1236,2016,Nigeria,West Africa,183562026,4.04649E+11
1237,2017,Nigeria,West Africa,188436936,3.75746E+11
1238,2018,Nigeria,West Africa,193394520,4.21739E+11
1239,2019,Nigeria,West Africa,198440057,4.74517E+11
1240,2020,Nigeria,West Africa,203565737,4.32199E+11
1241,2021,Nigeria,West Africa,208994835,4.40834E+11
1242,2022,Nigeria,West Africa,214568727,4.77386E+11
1243,2000,"Saint Helena, Ascension and Tristan da Cunha",West Africa,6089,
1244,2001,"Saint Helena, Ascension and Tristan da Cunha",West Africa,5999,
1245,2002,"Saint Helena, Ascension and Tristan da Cunha",West Africa,5871,
1246,2003,"Saint Helena, Ascension and Tristan da Cunha",West Africa,5721,
1247,2004,"Saint Helena, Ascension and Tristan da Cunha",West Africa,5566,
1248,2005,"Saint Helena, Ascension and Tristan da Cunha",West Africa,5421,
1249,2006,"Saint Helena, Ascension and Tristan da Cunha",West Africa,5307,
1250,2007,"Saint Helena, Ascension and Tristan da Cunha",West Africa,5222,
1251,2008,"Saint Helena, Ascension and Tristan da Cunha",West Africa,5168,
1252,2009,"Saint Helena, Ascension and Tristan da Cunha",West Africa,5144,
1253,2010,"Saint Helena, Ascension and Tristan da Cunha",West Africa,5159,
1254,2011,"Saint Helena, Ascension and Tristan da Cunha",West Africa,5232,
1255,2012,"Saint Helena, Ascension and Tristan da Cunha",West Africa,5349,
1256,2013,"Saint Helena, Ascension and Tristan da Cunha",West Africa,5500,
1257,2014,"Saint Helena, Ascension and Tristan da Cunha",West Africa,5661,
1258,2015,"Saint Helena, Ascension and Tristan da Cunha",West Africa,5804,
1259,2016,"Saint Helena, Ascension and Tristan da Cunha",West Africa,5914,
1260,2017,"Saint Helena, Ascension and Tristan da Cunha",West Africa,5983,
1261,2018,"Saint Helena, Ascension and Tristan da Cunha",West Africa,6024,
1262,2019,"Saint Helena, Ascension and Tristan da Cunha",West Africa,6050,
1263,2020,"Saint Helena, Ascension and Tristan da Cunha",West Africa,6066,
1264,2021,"Saint Helena, Ascension and Tristan da Cunha",West Africa,6089,
1265,2022,"Saint Helena, Ascension and Tristan da Cunha",West Africa,6112,
1266,2000,Senegal,West Africa,9683850,6013185004
1267,2001,Senegal,West Africa,9917896,6507824827
1268,2002,Senegal,West Africa,10160916,7006402325
1269,2003,Senegal,West Africa,10413641,8768721561
1270,2004,Senegal,West Africa,10676512,10076816661
1271,2005,Senegal,West Africa,10951255,11009033445
1272,2006,Senegal,West Africa,11237398,11697918245
1273,2007,Senegal,West Africa,11535928,13994218399
1274,2008,Senegal,West Africa,11846757,16853989611
1275,2009,Senegal,West Africa,12171254,16145867483
1276,2010,Senegal,West Africa,12508027,16121315902
1277,2011,Senegal,West Africa,12857440,17814283650
1278,2012,Senegal,West Africa,13218908,17660870396
1279,2013,Senegal,West Africa,13593773,18918667731
1280,2014,Senegal,West Africa,13980197,19797253445
1281,2015,Senegal,West Africa,14378254,17774766697
1282,2016,Senegal,West Africa,14787116,19040312331
1283,2017,Senegal,West Africa,15208184,20996562959
1284,2018,Senegal,West Africa,15638627,23116701540
1285,2019,Senegal,West Africa,16077160,23403995985
1286,2020,Senegal,West Africa,16521369,24530513059
1287,2021,Senegal,West Africa,17032705,27569136728
1288,2022,Senegal,West Africa,17559867,27684430244
1289,2000,Sierra Leone,West Africa,4523806,635874002.2
1290,2001,Sierra Leone,West Africa,4670016,1074851475
1291,2002,Sierra Leone,West Africa,4860790,1236235827
1292,2003,Sierra Leone,West Africa,5084389,1369685677
1293,2004,Sierra Leone,West Africa,5318171,1430217081
1294,2005,Sierra Leone,West Africa,5540682,1627058706
1295,2006,Sierra Leone,West Africa,5738189,1862116165
1296,2007,Sierra Leone,West Africa,5910100,2126679686
1297,2008,Sierra Leone,West Africa,6062013,2451896682
1298,2009,Sierra Leone,West Africa,6203739,2419014960
1299,2010,Sierra Leone,West Africa,6344773,2578159480
1300,2011,Sierra Leone,West Africa,6490044,2932274242
1301,2012,Sierra Leone,West Africa,6638320,3789251962
1302,2013,Sierra Leone,West Africa,6788903,4920343203
1303,2014,Sierra Leone,West Africa,6941193,5015180836
1304,2015,Sierra Leone,West Africa,7095167,4252029354
1305,2016,Sierra Leone,West Africa,7250806,3862721205
1306,2017,Sierra Leone,West Africa,7409292,3719443318
1307,2018,Sierra Leone,West Africa,7569953,4085114542
1308,2019,Sierra Leone,West Africa,7732348,4076578654
1309,2020,Sierra Leone,West Africa,7895543,4062906364
1310,2021,Sierra Leone,West Africa,8070429,4249234574
1311,2022,Sierra Leone,West Africa,8249189,3970343852
1312,2000,Togo,West Africa,4852824,2027363117
1313,2001,Togo,West Africa,4994056,2014516701
1314,2002,Togo,West Africa,5130358,2319268823
1315,2003,Togo,West Africa,5264383,2875255593
1316,2004,Togo,West Africa,5399574,3071152629
1317,2005,Togo,West Africa,5540298,3100356552
1318,2006,Togo,West Africa,5687884,3195618966
1319,2007,Togo,West Africa,5842268,3618281293
1320,2008,Togo,West Africa,6002334,4516616224
1321,2009,Togo,West Africa,6167817,4592147228
1322,2010,Togo,West Africa,6336959,4660369658
1323,2011,Togo,West Africa,6509523,5262368232
1324,2012,Togo,West Africa,6685359,5263522037
1325,2013,Togo,West Africa,6865007,5872790935
1326,2014,Togo,West Africa,7047112,6217047649
1327,2015,Togo,West Africa,7231340,5681469374
1328,2016,Togo,West Africa,7417067,6031632015
1329,2017,Togo,West Africa,7604989,6395472028
1330,2018,Togo,West Africa,7794569,7029217932
1331,2019,Togo,West Africa,7986521,6992656429
1332,2020,Togo,West Africa,8181085,7389329393
1333,2021,Togo,West Africa,8399356,8334047486
1334,2022,Togo,West Africa,8623451,8126439481
